2022 Election COUNCILLOR Results by Location (Vote for  10)   ,,,,,,,,,,,,,,,,,,,,,,,,,,,,,,,,,,,,,,,,,,,,,,,,,,,,,,,,,,,,,,,,,,,,,,,,,,,,,,,,,,,,,,,,,,,,,,,,,,,,,,,,,,,,,,,,,,,,,,,,,,,,
Voting Place ID # - Voting Place,Times Cast,Undervotes,Overvotes,"100 NARDI, Sean
(TEAM) ",,"101 OUELLETTE, Breen
(COPE) ",,,"102 HAYER, Asha
(Progress Vancouver) ",,"103 MONTAGUE, Brian
(ABC Vancouver) ",,,"104 ANDERSON, Dulcy
(Forward with Kennedy Stewart) ",,"105 TRUONG, Tesicca
(Forward with Kennedy Stewart) ",,"106 DENOFRIO, Dominic
 ",,"107 TRIGUEROS, Nancy
(COPE) ",,"108 ORR, Sean
(VOTE Socialist) ",,"109 MACKINNON, Stuart
(Vision Vancouver) ",,"110 VARGAS, Lina
 ",,"111 SINGH, Alvin
(Forward with Kennedy Stewart) ",,"112 BONAMIS, Iona
(OneCity) ",,"113 KIRBY-YUNG, Sarah
(ABC Vancouver) ",,"114 WIEBE, Michael
(GREEN) ",,"115 FOX, Amy ''Evil Genius''
 ",,"116 DE GENOVA, Melissa
(NPA) ",,"117 HE, May
(Progress Vancouver) ",,"118 WEBKING, Tanya
(COPE) ",,"119 ZHOU, Lenny
(ABC Vancouver) ",,"120 PEACOCK, Amie
 ",,"121 OGER, Morgane
(Progress Vancouver) ",,"122 CARR, Adriane
(GREEN) ",,"123 FRANSON, Marlo
 ",,"124 ALM, K R
 ",,"125 NORRIS, Matthew
(OneCity) ",,"126 MEISZNER, Peter
(ABC Vancouver) ",,"127 BROWN, Cleta
(TEAM) ",,"128 SINGH, Devyani
(GREEN) ",,"129 BOLDT, Lesli
(Vision Vancouver) ",,"130 REDMOND, Eric
(Affordable Housing Coalition ) ",,"131 DOMINATO, Lisa
(ABC Vancouver) ",,"132 KLASSEN, Mike
(ABC Vancouver) ",,"133 BOWEN, Mark
 ",,"134 BHAYANI, Cinnamon
(NPA) ",,"135 ROBERTS, Stephen P
(TEAM) ",,"136 SWANSON, Jean
(COPE) ",,"137 CROMWELL, Ian
(OneCity) ",,"138 CHARKO, Ken
(NPA) ",,"139 BOYLE, Christine
(OneCity) ",,"140 PHILBERT, Kyra
 ",,"141 SMITH, Stephanie
(GREEN) ",,"142 FRANCIS, Mauro
(Progress Vancouver) ",,"143 QUAN, Grace
(TEAM) ",,"144 NIJJAR, Param
(TEAM) ",,"145 ALLAN, Elaine
(NPA) ",,"146 ASHE, Jeanette
(Forward with Kennedy Stewart) ",,"147 TIELEMAN, Bill
(TEAM) ",,"148 BLIGH, Rebecca
(ABC Vancouver) ",,"149 BROWN, Hilary
(Forward with Kennedy Stewart) ",,"150 ZARRABIAN, Arezo
(NPA) ",,"151 FRY, Pete
(GREEN) ",,"152 LÝ, Tim
 ",,"153 MACKENZIE, Jeremy
 ",,"154 BARZEGARI, Honieh
(Vision Vancouver) ",,"155 WVONG, Russil
(Forward with Kennedy Stewart) ",,"156 CHIN, David
(Progress Vancouver) ",,"157 ROSA, Marie Noelle
(Progress Vancouver) ",,"158 LEE, Morning
(NPA) ",,Total Votes
1 - Prince of Wales Secondary School,985,"2,265",3,127,,61,,,56,,556,,,123,,129,,15,,53,,33,,67,,22,,104,,101,,559,,127,,12,,179,,47,,39,,508,,12,,31,,196,,11,,7,,84,,512,,150,,82,,32,,33,,554,,546,,45,,56,,120,,103,,89,,93,,113,,20,,95,,23,,141,,90,,67,,92,,119,,494,,85,,71,,160,,13,,24,,23,,82,,44,,36,,89,,"7,555"
2 - Carnarvon Community Elementary School,968,"2,214",2,188,,83,,,42,,444,,,151,,125,,21,,61,,39,,76,,16,,100,,145,,483,,167,,10,,171,,36,,63,,379,,4,,31,,248,,20,,7,,102,,409,,210,,118,,51,,38,,438,,421,,50,,36,,166,,136,,116,,84,,166,,4,,105,,22,,170,,144,,71,,94,,186,,395,,77,,63,,197,,12,,15,,30,,78,,31,,39,,62,,"7,446"
3 - Gathering Place Community Centre,665,"1,503",3,67,,97,,,55,,275,,,138,,131,,21,,78,,62,,56,,25,,126,,106,,285,,104,,21,,85,,30,,70,,232,,21,,59,,140,,12,,13,,112,,250,,56,,69,,34,,48,,266,,263,,29,,51,,43,,112,,91,,44,,110,,12,,81,,24,,53,,35,,49,,101,,50,,243,,92,,57,,129,,14,,17,,38,,96,,39,,44,,56,,"5,117"
4 - Carnegie Community Centre,627,"1,759",0,29,,220,,,52,,101,,,155,,131,,23,,206,,102,,44,,29,,136,,132,,107,,108,,45,,52,,34,,198,,87,,13,,48,,152,,15,,10,,139,,94,,30,,86,,26,,60,,102,,103,,13,,27,,30,,270,,138,,33,,165,,24,,94,,28,,22,,15,,29,,96,,27,,91,,93,,35,,150,,13,,15,,24,,88,,28,,45,,49,,"4,511"
5 - Coal Harbour Community Centre,"1,345","3,276",0,135,,155,,,98,,639,,,267,,237,,25,,98,,62,,93,,43,,237,,188,,606,,185,,20,,202,,72,,102,,544,,15,,59,,255,,23,,24,,152,,587,,148,,119,,72,,58,,599,,556,,60,,101,,119,,158,,182,,107,,194,,30,,115,,60,,110,,85,,124,,208,,111,,552,,173,,150,,228,,13,,31,,115,,202,,79,,92,,100,,"10,174"
6 - Crosstown Elementary School,730,"1,664",0,46,,112,,,69,,292,,,151,,150,,14,,87,,69,,68,,24,,143,,143,,299,,127,,23,,99,,34,,84,,243,,11,,57,,160,,10,,10,,143,,250,,56,,96,,65,,52,,283,,266,,19,,52,,32,,138,,125,,49,,166,,4,,98,,41,,56,,32,,44,,110,,41,,268,,91,,56,,155,,9,,7,,41,,103,,46,,50,,67,,"5,636"
7 - Vancouver Public Library - Central Branch,"1,113","2,353",1,79,,167,,,107,,434,,,296,,273,,36,,109,,97,,85,,34,,252,,239,,423,,189,,25,,152,,64,,107,,375,,16,,92,,239,,9,,15,,208,,402,,80,,121,,59,,96,,422,,386,,28,,85,,65,,178,,234,,92,,274,,27,,117,,65,,64,,41,,86,,213,,54,,377,,195,,101,,236,,12,,7,,68,,219,,74,,81,,86,,"8,767"
8 - Roundhouse Community Arts and Recreation Centre,"2,167","5,169",3,176,,229,,,179,,"1,063",,,399,,350,,42,,127,,119,,128,,63,,350,,295,,"1,059",,345,,35,,424,,94,,127,,927,,21,,138,,423,,40,,19,,263,,983,,203,,205,,109,,113,,"1,046",,970,,85,,179,,160,,234,,259,,184,,341,,37,,215,,83,,161,,118,,196,,304,,163,,935,,266,,212,,377,,31,,45,,118,,288,,111,,131,,174,,"16,471"
9 - Musqueam Community Centre,258,831,1,42,,22,,,13,,76,,,29,,25,,3,,11,,16,,25,,6,,28,,35,,99,,52,,7,,46,,8,,10,,70,,2,,13,,80,,1,,0,,36,,68,,52,,30,,15,,8,,89,,71,,6,,9,,36,,43,,31,,54,,59,,2,,27,,7,,34,,30,,13,,30,,35,,77,,23,,13,,67,,2,,5,,8,,19,,7,,4,,10,,"1,739"
10 - Lord Kitchener Elementary School,805,"1,635",2,162,,63,,,35,,379,,,116,,86,,12,,48,,25,,66,,20,,89,,115,,417,,160,,11,,161,,23,,45,,327,,2,,20,,223,,5,,8,,82,,337,,190,,91,,41,,33,,379,,344,,29,,50,,168,,135,,88,,141,,120,,13,,90,,19,,160,,125,,51,,74,,182,,356,,55,,50,,196,,3,,8,,20,,61,,27,,16,,43,,"6,395"
11 - Dunbar Community Centre,"1,605","3,790",3,243,,100,,,78,,743,,,220,,211,,33,,84,,36,,118,,39,,191,,181,,809,,300,,24,,309,,54,,82,,680,,18,,59,,401,,18,,14,,147,,701,,283,,179,,57,,68,,797,,756,,47,,75,,229,,218,,161,,303,,222,,13,,178,,49,,222,,180,,118,,155,,251,,699,,139,,102,,336,,25,,27,,43,,158,,62,,50,,135,,"12,230"
12 - False Creek Elementary School,926,"1,363",3,167,,197,,,65,,243,,,248,,210,,17,,112,,85,,112,,22,,187,,239,,291,,280,,19,,126,,41,,106,,199,,8,,95,,347,,11,,13,,222,,218,,192,,185,,77,,58,,278,,234,,26,,42,,136,,286,,250,,39,,353,,12,,161,,32,,145,,104,,29,,141,,149,,241,,127,,43,,329,,4,,15,,52,,134,,31,,60,,22,,"7,867"
13 - False Creek Community Centre,743,"1,301",2,137,,167,,,49,,192,,,176,,140,,13,,106,,64,,80,,18,,153,,162,,217,,220,,15,,80,,33,,86,,154,,7,,65,,295,,8,,5,,159,,174,,148,,134,,58,,69,,206,,174,,21,,28,,117,,222,,168,,28,,224,,18,,154,,27,,126,,111,,32,,106,,134,,184,,91,,31,,262,,8,,13,,36,,98,,32,,52,,22,,"6,109"
14 - Holy Trinity Anglican Church,"1,657","3,129",4,263,,342,,,136,,458,,,454,,383,,34,,228,,172,,152,,37,,364,,401,,505,,355,,34,,190,,92,,238,,397,,14,,130,,483,,23,,13,,363,,436,,301,,238,,120,,140,,464,,437,,40,,54,,227,,451,,376,,75,,468,,30,,233,,80,,231,,189,,91,,314,,242,,430,,252,,71,,436,,20,,21,,77,,300,,95,,132,,69,,"13,401"
15 - L'Ecole Bilingue Elementary School,"1,247","2,243",2,171,,249,,,105,,313,,,395,,355,,43,,160,,142,,125,,44,,321,,350,,343,,296,,25,,139,,58,,192,,250,,8,,105,,391,,19,,14,,330,,285,,191,,204,,99,,115,,317,,278,,27,,48,,139,,318,,335,,59,,418,,33,,201,,49,,135,,104,,51,,264,,150,,290,,217,,61,,325,,12,,19,,69,,264,,55,,94,,38,,"10,207"
16 - Seaforth Armoury,"1,557","2,989",4,269,,284,,,134,,447,,,404,,347,,38,,191,,131,,144,,42,,331,,315,,488,,375,,30,,201,,71,,177,,346,,10,,109,,515,,19,,16,,283,,400,,300,,261,,113,,114,,444,,412,,63,,65,,266,,359,,322,,87,,414,,30,,251,,76,,257,,219,,69,,262,,270,,396,,246,,71,,455,,2,,30,,75,,265,,81,,93,,56,,"12,541"
17 - Grandview Elementary School,877,"1,330",1,71,,317,,,70,,119,,,268,,271,,23,,264,,197,,96,,33,,224,,339,,138,,233,,43,,65,,45,,269,,98,,19,,82,,304,,10,,15,,377,,94,,77,,139,,65,,88,,113,,99,,28,,32,,42,,419,,350,,17,,408,,27,,151,,26,,44,,35,,24,,178,,60,,108,,167,,15,,265,,10,,18,,38,,180,,27,,63,,33,,"7,430"
18 - Templeton Secondary School,"1,991","3,465",6,130,,503,,,142,,461,,,549,,508,,55,,391,,361,,193,,48,,482,,730,,492,,487,,54,,210,,98,,396,,415,,23,,147,,612,,23,,13,,736,,418,,167,,344,,161,,158,,507,,416,,33,,89,,101,,645,,672,,95,,843,,45,,288,,106,,131,,82,,99,,334,,140,,416,,288,,92,,611,,39,,31,,80,,326,,92,,146,,131,,"16,385"
19 - Britannia Community Services Centre,"1,555","2,473",8,96,,554,,,110,,193,,,462,,451,,25,,439,,371,,154,,34,,404,,632,,216,,447,,61,,81,,54,,438,,145,,14,,133,,547,,18,,11,,662,,151,,126,,336,,132,,163,,212,,175,,28,,49,,87,,684,,622,,33,,732,,50,,329,,60,,96,,74,,40,,288,,105,,193,,235,,50,,552,,8,,22,,81,,314,,45,,130,,43,,"12,997"
20 - Queen Victoria Annex,"1,061","1,867",0,94,,248,,,60,,232,,,295,,280,,25,,192,,152,,130,,37,,245,,379,,243,,293,,30,,102,,54,,199,,181,,14,,68,,398,,16,,10,,371,,210,,104,,213,,112,,87,,243,,217,,14,,36,,83,,365,,359,,45,,462,,22,,191,,39,,86,,66,,30,,175,,84,,214,,149,,50,,381,,11,,16,,57,,153,,31,,55,,35,,"8,743"
21 - Thunderbird Elementary School,771,"1,887",1,79,,77,,,70,,330,,,120,,147,,38,,85,,59,,64,,55,,98,,153,,345,,111,,25,,143,,65,,59,,306,,26,,39,,136,,19,,17,,116,,299,,59,,63,,40,,59,,323,,303,,35,,53,,53,,107,,101,,67,,132,,12,,87,,38,,67,,49,,72,,72,,51,,288,,75,,53,,124,,27,,22,,21,,74,,55,,32,,118,,"5,813"
22 - Sir John Franklin Community School,862,"1,770",1,59,,116,,,66,,365,,,165,,157,,32,,96,,61,,82,,28,,144,,171,,375,,170,,26,,170,,50,,91,,324,,13,,50,,239,,17,,10,,146,,327,,68,,120,,43,,58,,379,,344,,36,,64,,56,,170,,131,,71,,179,,18,,116,,46,,57,,33,,68,,111,,62,,326,,101,,67,,208,,14,,21,,30,,100,,53,,64,,76,,"6,840"
23 - Chief Maquinna Elementary School,"1,598","3,808",10,122,,182,,,89,,717,,,245,,308,,75,,149,,118,,131,,79,,205,,333,,763,,243,,25,,276,,100,,127,,720,,25,,87,,317,,36,,23,,260,,675,,115,,158,,79,,64,,782,,685,,57,,76,,81,,249,,242,,96,,323,,36,,137,,97,,123,,56,,100,,127,,94,,643,,119,,102,,278,,57,,29,,46,,138,,130,,105,,218,,"12,072"
24 - Tillicum Community Annex,"1,431","2,763",11,93,,381,,,92,,328,,,374,,363,,29,,297,,283,,168,,53,,350,,403,,362,,335,,52,,196,,65,,280,,290,,24,,108,,456,,17,,15,,395,,309,,116,,236,,107,,119,,419,,320,,33,,53,,84,,473,,386,,72,,474,,29,,235,,70,,87,,58,,70,,231,,98,,305,,193,,68,,388,,23,,30,,68,,222,,70,,107,,75,,"11,437"
25 - Hastings Community Centre,"1,245","2,852",0,87,,168,,,90,,522,,,233,,239,,48,,147,,122,,110,,60,,197,,265,,505,,187,,40,,182,,81,,127,,489,,19,,74,,238,,29,,26,,241,,473,,104,,135,,91,,78,,526,,480,,40,,75,,61,,233,,230,,98,,285,,32,,149,,56,,85,,53,,107,,136,,63,,460,,120,,98,,223,,41,,29,,45,,138,,76,,91,,161,,"9,598"
26 - Lord Selkirk Elementary School,"1,141","2,146",5,88,,196,,,102,,358,,,286,,317,,33,,155,,126,,126,,67,,242,,406,,385,,215,,30,,126,,73,,162,,334,,17,,81,,273,,16,,9,,309,,315,,83,,146,,103,,85,,371,,350,,30,,39,,73,,245,,297,,51,,387,,30,,147,,60,,91,,52,,61,,180,,67,,337,,152,,53,,271,,42,,21,,62,,184,,80,,100,,117,,"9,214"
27 - Queen Alexandra Elementary School,855,"1,358",1,61,,244,,,79,,173,,,259,,234,,29,,213,,131,,91,,58,,227,,315,,181,,193,,39,,87,,55,,202,,161,,18,,66,,242,,25,,14,,312,,159,,60,,155,,85,,82,,186,,165,,31,,42,,50,,282,,270,,41,,352,,23,,141,,38,,51,,35,,40,,156,,51,,157,,155,,27,,213,,22,,24,,36,,169,,47,,80,,48,,"7,182"
28 - Trout Lake Community Centre,"1,680","2,914",5,124,,361,,,125,,441,,,445,,461,,45,,308,,243,,195,,95,,393,,571,,487,,375,,51,,146,,80,,289,,408,,35,,123,,474,,34,,26,,518,,398,,139,,281,,143,,162,,470,,426,,50,,79,,94,,470,,492,,74,,611,,49,,290,,70,,135,,98,,73,,316,,119,,411,,259,,79,,453,,44,,23,,86,,269,,96,,116,,108,,"13,836"
29 - Kensington Community Centre,"1,846","4,180",2,147,,189,,,180,,866,,,287,,335,,75,,195,,122,,172,,184,,261,,296,,894,,259,,58,,304,,150,,142,,836,,64,,96,,318,,47,,33,,237,,782,,131,,219,,114,,123,,874,,821,,70,,118,,104,,228,,224,,139,,280,,49,,196,,98,,136,,128,,148,,198,,73,,733,,202,,139,,273,,65,,50,,92,,188,,134,,122,,262,,"14,260"
30 - Sir Richard McBride Annex,"1,207","2,517",11,100,,126,,,76,,465,,,266,,249,,28,,124,,86,,146,,97,,211,,236,,491,,224,,20,,178,,62,,100,,426,,29,,68,,318,,26,,17,,188,,447,,107,,157,,120,,83,,524,,495,,42,,66,,88,,197,,200,,72,,274,,25,,144,,55,,110,,71,,81,,162,,75,,429,,155,,80,,260,,34,,36,,72,,163,,79,,76,,107,,"9,443"
31 - Charles Dickens Annex,"1,422","2,777",7,95,,240,,,101,,462,,,384,,357,,31,,191,,165,,155,,81,,327,,404,,503,,303,,34,,160,,66,,183,,413,,22,,72,,421,,31,,26,,357,,427,,119,,193,,109,,93,,474,,447,,40,,61,,94,,350,,366,,76,,475,,26,,185,,51,,94,,69,,76,,235,,90,,400,,194,,66,,362,,29,,36,,49,,240,,80,,90,,93,,"11,373"
32 - Dr. R. E. McKechnie Elementary School,814,"1,914",3,64,,38,,,42,,504,,,97,,94,,18,,36,,23,,59,,13,,79,,72,,513,,81,,5,,184,,29,,34,,445,,16,,26,,150,,3,,8,,56,,463,,98,,55,,21,,23,,514,,492,,16,,42,,65,,80,,70,,89,,85,,12,,52,,19,,80,,66,,66,,74,,87,,454,,68,,48,,121,,15,,18,,14,,62,,32,,22,,84,,"6,196"
33 - Kerrisdale Elementary School,915,"1,962",1,146,,57,,,46,,488,,,121,,106,,16,,35,,27,,77,,24,,92,,115,,523,,162,,12,,192,,39,,33,,426,,10,,29,,211,,10,,8,,79,,441,,172,,88,,35,,47,,507,,481,,31,,41,,131,,88,,93,,125,,143,,9,,96,,21,,147,,109,,65,,69,,147,,454,,67,,56,,169,,14,,15,,20,,82,,36,,29,,66,,"7,178"
34 - Kerrisdale Community Centre,"2,138","5,226",6,282,,170,,,116,,"1,058",,,319,,275,,57,,137,,84,,132,,55,,247,,238,,"1,098",,299,,45,,393,,105,,135,,977,,28,,78,,449,,36,,32,,182,,985,,324,,198,,95,,97,,"1,067",,"1,023",,74,,96,,285,,274,,182,,187,,268,,29,,205,,62,,295,,217,,139,,234,,291,,"1,004",,207,,120,,379,,42,,46,,66,,215,,101,,76,,184,,"16,094"
35 - Captain James Cook Elementary School,972,"2,207",4,102,,95,,,82,,426,,,157,,166,,46,,90,,45,,113,,73,,127,,123,,465,,129,,28,,203,,58,,94,,395,,20,,51,,187,,24,,26,,87,,381,,101,,88,,61,,56,,435,,399,,47,,86,,91,,111,,92,,80,,133,,19,,102,,38,,126,,88,,94,,110,,104,,373,,92,,85,,180,,35,,35,,26,,109,,73,,55,,156,,"7,473"
36 - Champlain Heights Community Centre,"1,538","3,195",5,159,,187,,,145,,557,,,375,,284,,59,,169,,109,,215,,104,,297,,296,,572,,341,,41,,225,,88,,153,,464,,39,,101,,468,,27,,28,,282,,477,,167,,207,,142,,139,,540,,514,,67,,80,,121,,315,,283,,99,,351,,32,,223,,67,,124,,89,,105,,236,,127,,485,,215,,87,,383,,24,,51,,71,,206,,90,,103,,130,,"12,135"
37 - Killarney Community Centre,"1,779","4,819",1,125,,120,,,183,,879,,,212,,293,,64,,136,,75,,130,,141,,203,,220,,925,,175,,38,,285,,134,,84,,907,,41,,71,,275,,36,,26,,141,,835,,124,,161,,88,,84,,897,,870,,60,,120,,94,,161,,132,,127,,186,,25,,162,,86,,145,,120,,134,,134,,78,,790,,142,,117,,231,,64,,65,,55,,152,,179,,106,,318,,"12,961"
38 - Kitsilano Neighbourhood House,"1,185","2,336",5,207,,263,,,99,,293,,,338,,285,,39,,214,,120,,126,,42,,248,,280,,320,,281,,17,,126,,43,,192,,229,,8,,80,,375,,12,,10,,271,,266,,241,,235,,85,,83,,290,,266,,41,,36,,181,,323,,279,,41,,339,,21,,189,,33,,191,,150,,45,,204,,197,,239,,173,,50,,295,,13,,22,,59,,200,,44,,78,,37,,"9,464"
39 - Redemption Church,"1,189","2,238",2,246,,191,,,69,,292,,,327,,279,,27,,135,,82,,139,,37,,283,,245,,318,,347,,23,,134,,36,,138,,232,,7,,57,,433,,14,,5,,233,,255,,293,,247,,101,,88,,304,,280,,49,,37,,236,,281,,246,,62,,336,,21,,205,,38,,225,,212,,56,,218,,254,,275,,168,,47,,376,,6,,18,,54,,189,,40,,57,,29,,"9,632"
40 - Lord Tennyson Elementary School,"1,377","2,782",1,258,,184,,,93,,436,,,369,,301,,37,,118,,102,,139,,41,,299,,301,,460,,268,,19,,224,,46,,123,,342,,16,,78,,402,,16,,8,,261,,365,,305,,213,,98,,84,,428,,385,,42,,53,,241,,269,,285,,88,,374,,25,,189,,58,,245,,205,,72,,235,,224,,394,,209,,96,,346,,11,,29,,55,,223,,51,,75,,65,,"10,978"
41 - General Gordon Elementary School,"1,380","2,803",3,277,,219,,,99,,387,,,373,,301,,31,,141,,91,,131,,36,,289,,286,,439,,350,,21,,152,,46,,134,,323,,12,,81,,439,,8,,12,,279,,336,,337,,264,,84,,74,,402,,358,,51,,33,,260,,297,,286,,77,,392,,19,,229,,44,,241,,222,,44,,227,,286,,366,,198,,73,,360,,6,,17,,52,,218,,42,,80,,35,,"10,967"
42 - Kitsilano War Memorial Community Centre,"1,682","3,652",4,346,,222,,,123,,570,,,370,,319,,39,,161,,116,,135,,29,,313,,312,,601,,374,,37,,284,,54,,152,,447,,7,,84,,498,,11,,14,,261,,475,,367,,286,,111,,79,,547,,512,,48,,66,,310,,313,,285,,115,,388,,24,,241,,54,,300,,264,,101,,250,,331,,490,,203,,135,,396,,16,,32,,67,,241,,54,,80,,68,,"13,128"
43 - Westside Baptist Church,357,762,2,35,,35,,,40,,129,,,80,,98,,14,,28,,18,,29,,21,,74,,67,,144,,65,,9,,49,,33,,27,,131,,6,,35,,80,,11,,9,,57,,127,,23,,48,,23,,25,,133,,124,,15,,21,,27,,50,,53,,27,,68,,7,,43,,21,,33,,19,,24,,58,,28,,122,,51,,27,,66,,15,,7,,18,,62,,30,,24,,45,,"2,788"
44 - Scottish Cultural Centre,"1,156","2,180",8,135,,206,,,112,,391,,,260,,236,,64,,160,,105,,141,,87,,216,,192,,390,,230,,39,,179,,92,,163,,346,,28,,90,,298,,49,,29,,182,,353,,153,,153,,79,,144,,374,,355,,60,,59,,133,,270,,169,,102,,225,,39,,165,,64,,105,,72,,86,,175,,113,,334,,157,,76,,262,,33,,58,,45,,151,,79,,115,,122,,"9,300"
45 - Marpole-Oakridge Community Centre,"1,564","4,392",0,132,,122,,,114,,769,,,180,,233,,47,,84,,60,,108,,65,,148,,187,,827,,189,,33,,278,,124,,91,,765,,26,,69,,282,,24,,25,,100,,713,,152,,130,,58,,82,,784,,736,,62,,95,,126,,151,,102,,137,,144,,31,,137,,54,,169,,85,,121,,134,,114,,699,,104,,123,,226,,43,,40,,42,,134,,128,,70,,240,,"11,248"
46 - Kivan Club (Boys and Girls Clubs of South Coast BC),729,"1,050",2,46,,212,,,61,,141,,,256,,253,,18,,149,,153,,74,,34,,223,,272,,144,,177,,14,,59,,34,,145,,105,,9,,65,,244,,20,,8,,292,,123,,64,,128,,63,,73,,163,,132,,11,,31,,39,,258,,270,,22,,334,,29,,131,,26,,40,,24,,30,,145,,40,,131,,124,,34,,226,,9,,9,,30,,162,,26,,65,,20,,"6,220"
47 - Simon Fraser Elementary School,"1,375","2,322",1,113,,273,,,94,,415,,,394,,377,,27,,210,,181,,171,,35,,348,,407,,457,,328,,34,,135,,51,,205,,322,,16,,98,,441,,16,,8,,404,,377,,134,,234,,127,,103,,450,,380,,27,,44,,111,,386,,398,,56,,495,,27,,199,,52,,109,,77,,70,,266,,118,,396,,249,,43,,385,,13,,19,,53,,270,,53,,94,,43,,"11,418"
48 - Mount Pleasant Neighbourhood House,971,"1,660",0,69,,284,,,80,,191,,,278,,278,,30,,231,,162,,107,,55,,226,,347,,221,,213,,32,,85,,44,,237,,171,,23,,91,,288,,13,,13,,362,,183,,79,,180,,69,,96,,212,,186,,22,,38,,52,,339,,334,,38,,419,,33,,162,,34,,58,,37,,51,,160,,58,,195,,141,,43,,263,,16,,14,,51,,174,,45,,98,,39,,"8,050"
49 - Vancouver City Hall,"1,194","2,257",3,105,,236,,,91,,332,,,387,,345,,33,,165,,138,,121,,38,,298,,358,,359,,256,,21,,138,,54,,170,,280,,20,,91,,340,,12,,5,,308,,293,,143,,185,,93,,102,,339,,313,,24,,56,,96,,289,,305,,65,,397,,30,,163,,56,,103,,77,,62,,246,,103,,309,,212,,54,,292,,11,,17,,52,,261,,66,,79,,59,,"9,653"
50 - Creekside Community Recreation Centre,"1,648","3,014",5,127,,284,,,164,,602,,,467,,438,,57,,181,,169,,156,,52,,392,,405,,643,,311,,56,,206,,90,,182,,530,,19,,135,,401,,25,,17,,359,,542,,158,,199,,132,,124,,612,,534,,49,,105,,102,,289,,378,,99,,453,,44,,193,,79,,112,,80,,107,,340,,102,,571,,249,,95,,395,,8,,32,,95,,303,,115,,136,,116,,"13,416"
51 - Mount Pleasant Community Centre,"2,156","3,618",8,132,,647,,,228,,384,,,705,,678,,57,,481,,428,,213,,84,,590,,764,,428,,550,,59,,139,,130,,503,,325,,25,,169,,668,,27,,24,,745,,357,,197,,385,,181,,203,,441,,365,,43,,63,,119,,742,,759,,60,,859,,75,,370,,109,,135,,111,,64,,468,,114,,382,,383,,55,,607,,24,,29,,111,,461,,127,,210,,70,,"17,862"
52 - Trinity Baptist Church,596,"1,651",3,41,,30,,,36,,357,,,56,,68,,19,,28,,15,,29,,16,,62,,51,,360,,54,,10,,105,,36,,25,,352,,9,,15,,70,,9,,15,,36,,344,,56,,31,,34,,19,,370,,343,,26,,32,,45,,38,,36,,53,,48,,5,,37,,14,,53,,38,,48,,44,,30,,311,,33,,33,,50,,22,,11,,15,,42,,33,,10,,71,,"4,279"
53 - Sir William Van Horne Elementary School,"1,030","2,418",3,73,,86,,,81,,540,,,114,,131,,29,,73,,50,,73,,39,,117,,142,,558,,140,,21,,223,,67,,81,,509,,17,,44,,196,,18,,13,,108,,497,,81,,110,,48,,60,,539,,529,,47,,69,,72,,138,,119,,112,,127,,20,,77,,35,,78,,56,,97,,65,,73,,476,,72,,85,,174,,30,,24,,31,,93,,77,,46,,152,,"7,852"
54 - Jewish Community Centre of Greater Vancouver,770,"1,856",0,64,,48,,,57,,429,,,84,,110,,24,,46,,32,,60,,30,,75,,84,,435,,87,,16,,144,,49,,37,,416,,11,,27,,125,,17,,18,,55,,398,,86,,72,,45,,36,,421,,408,,40,,47,,63,,68,,65,,83,,72,,12,,59,,29,,58,,53,,79,,61,,50,,378,,47,,64,,111,,28,,27,,31,,55,,56,,42,,120,,"5,844"
55 - John Norquay Elementary School,"1,596","3,620",6,118,,180,,,151,,712,,,266,,325,,50,,152,,102,,187,,122,,244,,297,,741,,229,,44,,267,,126,,144,,660,,51,,113,,284,,47,,35,,248,,626,,103,,154,,118,,90,,713,,669,,54,,118,,95,,237,,225,,117,,285,,26,,153,,59,,116,,68,,118,,167,,84,,585,,169,,122,,253,,62,,44,,61,,184,,146,,115,,249,,"12,280"
56 - Renfrew Park Community Centre,"1,400","3,363",6,103,,165,,,90,,629,,,175,,260,,50,,140,,86,,147,,84,,166,,244,,656,,194,,31,,265,,99,,121,,600,,25,,70,,248,,38,,23,,190,,570,,107,,144,,78,,95,,647,,608,,42,,96,,82,,219,,188,,105,,218,,27,,147,,67,,133,,80,,125,,136,,74,,524,,134,,94,,209,,58,,35,,56,,165,,130,,77,,208,,"10,577"
57 - Collingwood Neighbourhood House,"2,277","4,703",14,205,,309,,,259,,824,,,503,,494,,100,,307,,125,,282,,378,,382,,400,,861,,304,,84,,379,,218,,242,,800,,90,,167,,407,,84,,60,,340,,762,,185,,224,,166,,229,,885,,781,,85,,161,,179,,331,,302,,171,,403,,54,,261,,160,,212,,139,,202,,314,,118,,737,,333,,169,,343,,91,,98,,108,,322,,213,,235,,350,,"17,927"
58 - Windermere Community Secondary School,692,"1,860",3,50,,73,,,49,,311,,,94,,126,,36,,65,,33,,74,,37,,95,,91,,336,,79,,16,,126,,42,,48,,306,,15,,34,,103,,14,,6,,91,,276,,54,,58,,43,,28,,315,,291,,21,,56,,42,,85,,73,,60,,94,,15,,67,,30,,74,,41,,62,,69,,37,,255,,52,,50,,106,,34,,25,,20,,61,,60,,33,,93,,"5,030"
59 - Renfrew Community Elementary School,700,"1,776",4,50,,65,,,60,,351,,,84,,96,,31,,58,,32,,57,,45,,78,,91,,367,,78,,20,,132,,42,,47,,342,,17,,26,,105,,15,,11,,63,,317,,55,,60,,39,,31,,358,,326,,28,,53,,37,,85,,59,,74,,83,,14,,57,,28,,51,,44,,83,,46,,28,,312,,54,,73,,102,,30,,23,,23,,48,,56,,40,,104,,"5,184"
60 - Sir Charles Tupper Secondary School,"1,447","2,840",1,111,,218,,,142,,522,,,362,,377,,40,,158,,171,,177,,71,,326,,353,,532,,301,,24,,208,,81,,155,,460,,25,,90,,380,,18,,9,,317,,461,,123,,213,,117,,101,,522,,482,,58,,71,,80,,295,,310,,89,,411,,28,,186,,80,,108,,73,,93,,228,,86,,471,,210,,80,,326,,32,,30,,84,,262,,75,,97,,110,,"11,620"
61 - General Brock Elementary School,"1,024","1,832",1,109,,177,,,86,,349,,,256,,252,,30,,133,,90,,116,,61,,220,,210,,386,,259,,21,,145,,50,,124,,302,,18,,65,,318,,19,,13,,187,,318,,137,,172,,87,,58,,378,,353,,35,,44,,84,,232,,204,,61,,248,,25,,158,,43,,83,,68,,52,,180,,111,,325,,161,,45,,306,,12,,19,,47,,196,,35,,63,,62,,"8,398"
62 - Hillcrest Centre,"1,216","2,375",0,90,,174,,,108,,475,,,296,,287,,24,,133,,100,,130,,37,,243,,301,,498,,260,,25,,162,,72,,121,,422,,18,,85,,348,,16,,16,,252,,432,,116,,168,,106,,56,,492,,457,,30,,43,,74,,258,,258,,69,,328,,20,,148,,41,,96,,58,,64,,189,,82,,429,,162,,61,,309,,23,,21,,48,,203,,78,,81,,92,,"9,785"
63 - Shaughnessy Elementary School,669,"1,564",1,91,,21,,,45,,411,,,63,,62,,9,,17,,11,,32,,10,,57,,57,,424,,63,,8,,129,,19,,15,,390,,7,,15,,108,,6,,4,,42,,401,,105,,44,,36,,11,,442,,431,,24,,40,,97,,46,,54,,81,,67,,8,,39,,13,,88,,63,,48,,44,,104,,379,,44,,45,,79,,10,,6,,19,,45,,23,,24,,40,,"5,116"
64 - Douglas Park Community Centre,"1,692","3,408",3,165,,224,,,125,,601,,,433,,385,,56,,161,,165,,190,,44,,371,,421,,622,,335,,32,,226,,68,,154,,504,,13,,100,,475,,15,,17,,383,,549,,216,,233,,135,,118,,616,,569,,52,,77,,154,,308,,391,,102,,510,,29,,201,,68,,156,,123,,109,,308,,169,,567,,255,,84,,411,,6,,31,,87,,292,,77,,98,,96,,"13,482"
65 - RayCam Co-operative Centre,506,"1,052",2,32,,143,,,42,,116,,,104,,117,,13,,115,,115,,46,,13,,81,,159,,131,,118,,14,,55,,13,,115,,96,,10,,30,,148,,15,,5,,152,,107,,24,,112,,31,,39,,127,,109,,14,,23,,30,,171,,143,,31,,184,,17,,92,,16,,25,,17,,28,,51,,28,,114,,43,,33,,202,,6,,8,,20,,67,,15,,29,,34,,"3,988"
66 - Strathcona Community Centre,891,"1,638",3,44,,237,,,71,,193,,,225,,240,,22,,183,,162,,90,,30,,196,,294,,227,,214,,23,,86,,37,,188,,182,,16,,53,,279,,10,,12,,271,,179,,62,,179,,93,,70,,214,,184,,20,,42,,28,,301,,267,,39,,341,,21,,165,,28,,40,,17,,41,,142,,36,,199,,115,,50,,373,,27,,23,,40,,131,,52,,62,,76,,"7,242"
67 - Moberly Arts and Cultural Centre,"1,084","2,243",9,116,,77,,,264,,525,,,136,,146,,52,,106,,60,,99,,109,,218,,118,,564,,119,,35,,129,,92,,58,,519,,55,,57,,168,,37,,31,,86,,492,,86,,183,,61,,56,,558,,543,,50,,57,,77,,113,,85,,67,,135,,31,,114,,67,,79,,212,,76,,79,,76,,475,,80,,58,,143,,29,,38,,36,,71,,95,,90,,119,,"8,507"
68 - John Oliver Secondary School,"1,280","2,464",4,111,,162,,,141,,502,,,272,,249,,48,,153,,99,,132,,150,,242,,241,,515,,235,,35,,193,,80,,120,,433,,35,,81,,325,,32,,29,,204,,439,,125,,181,,102,,114,,500,,483,,64,,83,,94,,223,,197,,109,,259,,46,,167,,59,,110,,109,,107,,187,,95,,442,,179,,90,,243,,32,,61,,56,,182,,83,,110,,146,,"10,296"
69 - Sunset Community Centre,"2,175","5,027",11,248,,171,,,487,,"1,038",,,296,,334,,86,,190,,107,,213,,198,,421,,239,,"1,036",,264,,55,,315,,140,,132,,951,,67,,136,,344,,49,,52,,218,,917,,155,,326,,137,,132,,"1,010",,993,,96,,130,,155,,226,,208,,135,,267,,52,,223,,111,,183,,348,,161,,187,,142,,883,,191,,153,,291,,75,,73,,83,,214,,165,,164,,240,,"16,613"
70 - David Oppenheimer Elementary School,"1,230","3,042",1,86,,96,,,110,,649,,,170,,187,,32,,76,,50,,107,,68,,153,,134,,676,,160,,21,,210,,61,,78,,615,,17,,44,,264,,25,,23,,92,,602,,102,,121,,68,,48,,682,,616,,33,,70,,80,,144,,97,,89,,152,,23,,113,,29,,108,,105,,95,,119,,94,,583,,98,,81,,208,,38,,23,,31,,112,,72,,56,,152,,"9,248"
71 - Waverley Elementary School,"1,328","3,515",6,121,,102,,,112,,682,,,127,,173,,52,,84,,62,,107,,104,,134,,136,,733,,119,,22,,266,,97,,76,,681,,34,,44,,181,,37,,31,,85,,636,,117,,106,,66,,53,,690,,664,,57,,82,,99,,107,,89,,113,,114,,32,,103,,48,,131,,111,,134,,87,,83,,601,,82,,110,,154,,63,,49,,30,,84,,118,,55,,235,,"9,705"
72 - David Thompson Secondary School,"1,767","4,628",9,139,,117,,,237,,944,,,205,,251,,53,,139,,64,,147,,136,,216,,204,,954,,163,,41,,298,,131,,81,,889,,57,,66,,227,,50,,36,,120,,848,,117,,170,,78,,85,,923,,903,,65,,109,,108,,126,,120,,132,,164,,28,,131,,86,,134,,141,,162,,151,,101,,799,,127,,144,,204,,66,,50,,50,,136,,148,,90,,291,,"12,952"
73 - Lord Roberts Elementary School,917,"1,721",4,80,,270,,,87,,223,,,264,,243,,33,,158,,104,,98,,35,,248,,233,,224,,247,,28,,82,,38,,161,,174,,13,,99,,309,,16,,9,,240,,206,,83,,163,,90,,100,,202,,196,,26,,29,,62,,281,,221,,36,,290,,31,,170,,40,,56,,41,,25,,182,,71,,201,,169,,30,,287,,6,,26,,41,,176,,50,,80,,26,,"7,409"
74 - Gordon Neighbourhood House,"1,024","1,870",2,94,,302,,,118,,257,,,286,,241,,29,,189,,122,,102,,38,,243,,240,,263,,257,,24,,103,,63,,169,,213,,15,,125,,328,,12,,15,,262,,238,,122,,185,,85,,107,,249,,230,,24,,40,,78,,297,,248,,55,,309,,23,,186,,67,,79,,57,,54,,197,,80,,229,,187,,39,,299,,12,,25,,49,,186,,69,,101,,34,,"8,350"
75 - Lord Roberts Annex,"1,308","2,534",0,109,,361,,,120,,368,,,367,,315,,36,,207,,157,,124,,51,,314,,291,,398,,293,,33,,140,,89,,206,,332,,18,,154,,371,,23,,14,,287,,349,,125,,212,,93,,139,,370,,350,,39,,73,,86,,325,,282,,70,,331,,32,,217,,88,,96,,71,,77,,258,,87,,334,,204,,84,,335,,8,,25,,73,,256,,80,,120,,79,,"10,546"
76 - Vancouver Aquatic Centre,"1,318","2,616",6,130,,262,,,116,,474,,,318,,291,,47,,160,,119,,119,,47,,281,,260,,471,,259,,22,,184,,64,,144,,379,,21,,109,,385,,32,,14,,255,,437,,159,,179,,93,,94,,458,,444,,50,,66,,106,,258,,249,,92,,307,,33,,194,,66,,115,,85,,77,,244,,114,,420,,220,,96,,298,,15,,36,,79,,230,,73,,95,,59,,"10,504"
77 - King George Secondary School,"1,791","3,756",2,213,,469,,,143,,498,,,446,,382,,62,,314,,185,,161,,52,,370,,385,,503,,433,,53,,219,,84,,284,,380,,23,,137,,582,,37,,30,,347,,446,,211,,299,,138,,198,,480,,439,,65,,74,,176,,498,,337,,95,,454,,53,,329,,66,,163,,124,,108,,301,,178,,423,,261,,91,,567,,22,,50,,95,,284,,87,,138,,92,,"14,134"
78 - West Point Grey Community Centre,464,835,1,97,,52,,,24,,176,,,82,,69,,12,,29,,20,,53,,15,,65,,83,,211,,118,,5,,62,,10,,19,,161,,4,,10,,153,,6,,8,,70,,166,,110,,81,,35,,26,,196,,181,,27,,14,,96,,80,,75,,34,,107,,6,,65,,12,,91,,80,,13,,54,,92,,182,,48,,33,,127,,8,,12,,21,,61,,11,,19,,18,,"3,795"
79 - Lord Byng Secondary School,"1,163","2,406",5,190,,109,,,64,,480,,,228,,195,,21,,80,,59,,109,,29,,181,,185,,519,,232,,18,,184,,49,,70,,442,,11,,42,,334,,17,,13,,157,,452,,229,,151,,75,,49,,492,,448,,51,,60,,187,,204,,176,,128,,223,,9,,130,,32,,205,,140,,68,,140,,186,,460,,121,,73,,252,,11,,25,,41,,147,,53,,47,,91,,"9,174"
80 - St Helen's Anglican Church,955,"2,057",2,194,,96,,,54,,356,,,191,,154,,20,,73,,49,,60,,26,,149,,149,,377,,213,,21,,138,,35,,76,,336,,15,,36,,274,,14,,7,,136,,331,,215,,157,,62,,43,,376,,352,,47,,28,,175,,180,,148,,74,,207,,7,,127,,21,,184,,149,,41,,118,,191,,333,,106,,27,,241,,8,,14,,41,,119,,35,,32,,35,,"7,473"
200 - Carnegie Community Centre,974,"2,507",2,71,,319,,,72,,231,,,175,,186,,33,,295,,152,,87,,54,,141,,182,,240,,174,,45,,112,,59,,281,,199,,37,,63,,205,,24,,26,,183,,205,,90,,137,,60,,103,,212,,198,,30,,74,,49,,402,,149,,51,,216,,27,,158,,30,,67,,34,,69,,118,,47,,195,,105,,67,,226,,29,,25,,55,,110,,58,,72,,99,,"7,213"
201 - Roundhouse Community Arts and Recreation Centre,"4,457","9,190",13,351,,408,,,304,,"2,456",,,715,,675,,114,,265,,191,,334,,158,,612,,613,,"2,484",,641,,85,,902,,203,,221,,"2,186",,46,,326,,863,,73,,59,,506,,"2,342",,440,,374,,258,,218,,"2,444",,"2,306",,173,,318,,283,,484,,564,,364,,699,,77,,402,,199,,313,,222,,378,,569,,360,,"2,252",,442,,419,,841,,59,,77,,212,,515,,242,,261,,352,,"35,250"
202 - Dunbar Community Centre,"4,059","8,847",10,719,,199,,,113,,"2,384",,,427,,369,,59,,180,,99,,249,,70,,301,,352,,"2,505",,580,,36,,875,,103,,144,,"2,190",,36,,107,,848,,26,,32,,246,,"2,265",,806,,301,,150,,102,,"2,452",,"2,336",,182,,138,,675,,435,,307,,635,,464,,48,,331,,58,,658,,555,,259,,278,,738,,"2,251",,213,,221,,671,,41,,52,,100,,251,,91,,101,,229,,"31,643"
203 - Britannia Community Services Centre,"2,096","2,993",3,166,,696,,,140,,331,,,573,,586,,55,,576,,467,,222,,78,,492,,843,,386,,538,,79,,181,,78,,559,,291,,25,,174,,725,,30,,22,,862,,293,,216,,395,,200,,172,,382,,324,,34,,81,,146,,926,,845,,75,,"1,018",,55,,372,,88,,177,,116,,78,,362,,183,,341,,296,,63,,690,,30,,28,,101,,368,,83,,148,,76,,"17,937"
204 - Hastings Community Centre,"2,384","4,204",4,163,,439,,,158,,941,,,477,,517,,108,,347,,274,,227,,120,,407,,611,,981,,410,,60,,411,,112,,313,,870,,43,,170,,589,,60,,43,,560,,877,,192,,266,,171,,155,,"1,055",,895,,83,,143,,111,,616,,520,,173,,692,,76,,265,,114,,187,,85,,180,,287,,181,,874,,243,,166,,552,,66,,44,,86,,305,,125,,149,,251,,"19,596"
205 - Kensington Community Centre,"2,052","4,546",7,158,,205,,,179,,"1,045",,,335,,355,,90,,212,,119,,213,,171,,304,,320,,"1,067",,259,,55,,338,,126,,143,,985,,46,,99,,365,,53,,38,,259,,928,,145,,184,,105,,106,,"1,054",,"1,008",,67,,126,,119,,309,,256,,134,,301,,51,,182,,90,,170,,128,,145,,188,,101,,942,,184,,132,,291,,87,,58,,68,,189,,164,,94,,259,,"15,904"
206 - Trout Lake Community Centre,"3,247","5,771",7,254,,587,,,233,,"1,050",,,803,,797,,100,,456,,370,,357,,162,,670,,978,,"1,152",,679,,81,,443,,145,,440,,970,,56,,188,,891,,58,,38,,887,,958,,299,,446,,273,,228,,"1,098",,"1,020",,83,,153,,226,,810,,907,,187,,"1,088",,84,,456,,126,,280,,191,,177,,543,,254,,977,,473,,159,,826,,70,,72,,168,,506,,170,,214,,262,,"26,629"
207 - Kerrisdale Community Centre,"5,444","13,074",18,674,,264,,,183,,"3,436",,,424,,437,,106,,218,,97,,334,,130,,339,,449,,"3,563",,552,,56,,"1,149",,192,,182,,"3,267",,56,,112,,901,,63,,45,,263,,"3,290",,799,,344,,190,,144,,"3,533",,"3,416",,167,,245,,681,,494,,276,,564,,492,,57,,368,,106,,721,,495,,392,,295,,731,,"3,237",,254,,284,,780,,77,,70,,110,,262,,197,,147,,476,,"41,186"
208 - Champlain Heights Community Centre,"1,829","3,479",0,186,,185,,,150,,823,,,307,,281,,53,,176,,89,,219,,113,,308,,287,,925,,316,,41,,395,,99,,148,,746,,38,,97,,473,,44,,25,,235,,773,,227,,221,,138,,113,,872,,793,,60,,110,,177,,287,,249,,141,,328,,33,,230,,98,,189,,137,,160,,215,,184,,771,,198,,122,,408,,48,,43,,78,,215,,140,,123,,171,,"14,811"
209 - Killarney Community Centre,"4,027","9,831",3,251,,243,,,278,,"2,231",,,441,,574,,155,,283,,148,,350,,306,,395,,536,,"2,327",,363,,79,,829,,272,,168,,"2,224",,99,,135,,558,,79,,81,,333,,"2,074",,269,,238,,208,,194,,"2,298",,"2,157",,154,,276,,200,,351,,312,,320,,407,,70,,287,,129,,399,,189,,372,,299,,204,,"2,009",,274,,331,,511,,207,,87,,117,,342,,409,,184,,793,,"30,409"
210 - Kitsilano War Memorial Community Centre,"5,221","9,626",6,"1,276",,567,,,257,,"2,192",,,936,,796,,102,,396,,257,,486,,106,,735,,802,,"2,425",,"1,013",,61,,938,,142,,377,,"1,909",,46,,238,,"1,392",,51,,51,,686,,"2,020",,"1,448",,673,,319,,213,,"2,176",,"2,069",,203,,186,,"1,226",,965,,730,,322,,"1,057",,67,,602,,124,,"1,217",,"1,057",,233,,588,,"1,348",,"2,006",,492,,367,,"1,208",,48,,56,,152,,556,,146,,219,,194,,"42,524"
211 - Creekside Community Recreation Centre,"2,695","4,856",6,279,,407,,,178,,"1,197",,,607,,575,,58,,216,,170,,229,,67,,492,,603,,"1,276",,525,,43,,421,,94,,218,,"1,048",,19,,206,,737,,31,,21,,517,,"1,114",,330,,336,,186,,143,,"1,219",,"1,122",,84,,155,,225,,447,,530,,180,,712,,45,,283,,101,,255,,179,,165,,400,,278,,"1,133",,346,,186,,699,,26,,26,,99,,377,,103,,167,,149,,"22,034"
212 - Mount Pleasant Community Centre,"2,921","4,154",5,220,,824,,,279,,677,,,930,,916,,84,,575,,491,,337,,143,,771,,"1,030",,759,,735,,61,,290,,171,,587,,612,,46,,268,,877,,33,,24,,978,,634,,291,,489,,250,,269,,718,,659,,55,,95,,172,,949,,981,,118,,"1,187",,92,,470,,142,,212,,135,,110,,576,,184,,664,,500,,122,,816,,32,,43,,150,,610,,165,,278,,120,,"25,006"
213 - Vancouver City Hall,"2,743","4,641",6,316,,470,,,185,,901,,,730,,649,,73,,332,,277,,306,,117,,603,,748,,"1,011",,556,,53,,420,,119,,309,,812,,44,,180,,830,,43,,24,,662,,841,,403,,351,,230,,172,,989,,879,,75,,115,,283,,641,,699,,139,,860,,63,,340,,103,,325,,235,,153,,461,,323,,885,,409,,152,,677,,30,,41,,135,,475,,137,,183,,155,,"22,729"
214 - Renfrew Park Community Centre,"2,450","5,412",12,151,,232,,,159,,"1,253",,,295,,402,,91,,232,,142,,232,,152,,259,,426,,"1,347",,278,,42,,474,,181,,190,,"1,263",,50,,125,,424,,60,,50,,291,,"1,174",,167,,183,,129,,125,,"1,327",,"1,211",,84,,147,,128,,339,,280,,175,,365,,52,,214,,110,,227,,109,,197,,204,,143,,"1,133",,192,,164,,375,,109,,59,,69,,219,,226,,136,,395,,"18,968"
215 - Hillcrest Centre,"2,457","4,912",4,253,,312,,,141,,"1,119",,,484,,471,,62,,233,,156,,266,,90,,373,,514,,"1,200",,456,,51,,415,,92,,213,,991,,32,,113,,635,,24,,34,,416,,"1,031",,286,,296,,163,,109,,"1,138",,"1,080",,54,,105,,211,,479,,469,,168,,602,,39,,233,,49,,242,,190,,145,,279,,234,,"1,016",,239,,129,,562,,32,,42,,115,,310,,106,,115,,204,,"19,618"
216 - Douglas Park Community Centre,"2,475","4,741",4,299,,310,,,139,,"1,053",,,531,,494,,49,,211,,170,,258,,73,,415,,516,,"1,166",,435,,25,,455,,79,,215,,949,,28,,117,,699,,25,,22,,425,,"1,006",,370,,273,,190,,122,,"1,127",,"1,037",,67,,110,,275,,489,,454,,194,,642,,35,,241,,70,,277,,201,,148,,344,,300,,"1,027",,274,,129,,586,,17,,41,,108,,311,,81,,128,,137,,"19,969"
217 - RayCam Co-operative Centre,678,"1,327",1,42,,153,,,39,,259,,,115,,130,,24,,128,,118,,56,,22,,97,,172,,288,,112,,24,,55,,33,,125,,259,,16,,34,,165,,14,,12,,175,,249,,41,,77,,43,,53,,280,,262,,17,,20,,29,,195,,167,,27,,223,,12,,83,,19,,35,,23,,33,,67,,40,,257,,66,,26,,211,,13,,11,,19,,75,,27,,32,,44,,"5,443"
218 - Marpole-Oakridge Community Centre,"2,558","5,959",4,198,,169,,,163,,"1,531",,,267,,308,,78,,150,,91,,184,,92,,252,,242,,"1,614",,263,,40,,494,,186,,115,,"1,490",,48,,92,,407,,38,,45,,162,,"1,438",,219,,189,,111,,128,,"1,548",,"1,526",,83,,146,,181,,250,,183,,197,,265,,33,,173,,72,,263,,147,,215,,188,,172,,"1,413",,165,,177,,332,,82,,46,,65,,192,,187,,106,,370,,"19,581"
219 - Sunset Community Centre,"3,801","8,279",17,380,,322,,,598,,"1,958",,,488,,541,,162,,340,,185,,363,,327,,561,,436,,"2,051",,436,,83,,730,,259,,233,,"1,861",,122,,162,,648,,95,,100,,336,,"1,836",,353,,451,,184,,193,,"1,977",,"1,905",,159,,229,,305,,439,,318,,301,,415,,82,,342,,148,,343,,503,,279,,326,,278,,"1,741",,306,,235,,540,,128,,118,,127,,308,,273,,194,,448,,"29,561"
220 - West End Community Centre,"4,318","8,191",13,434,,"1,032",,,309,,"1,552",,,946,,790,,154,,678,,346,,401,,192,,811,,759,,"1,596",,944,,99,,632,,183,,573,,"1,319",,52,,361,,"1,394",,97,,61,,698,,"1,470",,581,,641,,275,,375,,"1,545",,"1,449",,157,,210,,428,,"1,085",,749,,254,,"1,001",,80,,697,,155,,393,,293,,287,,687,,484,,"1,426",,575,,238,,"1,260",,57,,89,,190,,622,,197,,278,,218,,"34,859"
221 - West Point Grey Community Centre,"2,011","4,175",3,501,,130,,,73,,988,,,274,,243,,33,,92,,65,,163,,29,,237,,223,,"1,031",,369,,22,,330,,37,,91,,863,,14,,58,,519,,9,,18,,176,,903,,535,,230,,98,,75,,999,,944,,99,,61,,507,,285,,197,,139,,297,,15,,212,,21,,478,,422,,94,,177,,539,,908,,148,,94,,444,,11,,22,,44,,163,,38,,51,,67,,"15,905"
300 - SVO Results,"1,316","6,452",10,124,,140,,,102,,250,,,166,,141,,36,,150,,92,,110,,90,,121,,80,,279,,160,,50,,175,,69,,128,,240,,53,,47,,221,,32,,33,,83,,226,,125,,110,,42,,72,,269,,249,,56,,58,,109,,165,,69,,76,,96,,31,,154,,56,,113,,61,,82,,115,,91,,219,,108,,71,,179,,24,,36,,42,,98,,80,,60,,94,,"6,608"
307 - Mail Results,"6,692","9,820",46,760,,977,,,390,,"2,837",,,"1,611",,"1,508",,171,,618,,493,,593,,218,,"1,291",,"1,663",,"3,077",,"1,165",,111,,"1,227",,288,,626,,"2,577",,46,,485,,"1,856",,74,,60,,"1,439",,"2,595",,959,,765,,460,,337,,"2,952",,"2,694",,216,,306,,750,,"1,353",,"1,490",,458,,"1,887",,98,,740,,235,,846,,627,,374,,"1,072",,831,,"2,750",,945,,420,,"1,724",,75,,48,,269,,"1,116",,296,,374,,417,,"56,640"
400 - UBC - AMS Student Nest,0,0,0,0,,0,,,0,,0,,,0,,0,,0,,0,,0,,0,,0,,0,,0,,0,,0,,0,,0,,0,,0,,0,,0,,0,,0,,0,,0,,0,,0,,0,,0,,0,,0,,0,,0,,0,,0,,0,,0,,0,,0,,0,,0,,0,,0,,0,,0,,0,,0,,0,,0,,0,,0,,0,,0,,0,,0,,0,,0,,0,,0,,0
401 - University Hill Secondary School,0,0,0,0,,0,,,0,,0,,,0,,0,,0,,0,,0,,0,,0,,0,,0,,0,,0,,0,,0,,0,,0,,0,,0,,0,,0,,0,,0,,0,,0,,0,,0,,0,,0,,0,,0,,0,,0,,0,,0,,0,,0,,0,,0,,0,,0,,0,,0,,0,,0,,0,,0,,0,,0,,0,,0,,0,,0,,0,,0,,0,,0,,0
Total,"170,274","351,637",482,"18,353",,"24,881",,,"13,107",,"68,618",,,"33,985",,"32,900",,"4,927",,"19,152",,"13,744",,"15,865",,"7,714",,"29,049",,"33,745",,"72,545",,"30,377",,"3,711",,"26,578",,"8,593",,"17,675",,"62,393",,"2,745",,"10,015",,"41,831",,"2,866",,"2,301",,"29,663",,"63,275",,"20,854",,"21,255",,"11,070",,"10,617",,"70,415",,"65,586",,"5,706",,"8,586",,"16,261",,"32,833",,"29,835",,"12,083",,"38,465",,"3,382",,"20,408",,"6,556",,"17,955",,"13,950",,"10,917",,"22,432",,"17,240",,"62,765",,"19,602",,"10,361",,"37,270",,"3,339",,"3,446",,"6,831",,"22,107",,"9,354",,"10,111",,"14,083",,"1,346,283"
,,,,,,,,,,,,,,,,,,,,,,,,,,,,,,,,,,,,,,,,,,,,,,,,,,,,,,,,,,,,,,,,,,,,,,,,,,,,,,,,,,,,,,,,,,,,,,,,,,,,,,,,,,,,,,,,,,,,,,,,,,,,
,,,,,,,,,,,,,,,,,,,,,,,,,,,,,,,,,,,,,,,,,,,,,,,,,,,,,,,,,,,,,,,,,,,,,,,,,,,,,,,,,,,,,,,,,,,,,,,,,,,,,,,,,,,,,,,,,,,,,,,,,,,,
