2022 Election SCHOOL TRUSTEE Results by Location (Vote for  9)   ,,,,,,,,,,,,,,,,,,,,,,,,,,,,,,,,,,,,,,,,,,,,,,,,,,,,,,,,,,,,,,,,,,,,
,,,,,,,,,,,,,,,,,,,,,,,,,,,,,,,,,,,,,,,,,,,,,,,,,,,,,,,,,,,,,,,,,,,,
Voting Place ID # - Voting Place,Times Cast,Undervotes,Overvotes,"300 RICHARDSON, Christopher JK
(ABC Vancouver) ",,"301 FEDORA, Aaron
(NPA) ",,,"302 CHAN-PEDLEY, Lois
(GREEN) ",,"303 THOMSON, Hilary
(Vision Vancouver) ",,,"304 MAH, Suzie
(COPE) ",,"305 TENGCO, Amanda
 ",,"306 LEUNG, Aaron
(Vision Vancouver) ",,"307 ZEIDLER, Karina
(VOTE Socialist) ",,"308 HOPKINS, Heming
 ",,"309 LITZCKE, Karin
 ",,"310 TRIGUEROS, Rocco
(COPE) ",,"311 AGGARWAL, Rahul
(NPA) ",,"312 MCARTHUR, Kera
(Vision Vancouver) ",,"313 CHIEN, Alfred
(ABC Vancouver) ",,"314 FARIDKOT, Preeti
(ABC Vancouver) ",,"315 FRASER, Janet
(GREEN) ",,"316 JUNG, Victoria
(ABC Vancouver) ",,"317 SIGURDSON, Krista
(OneCity) ",,"318 EPSTEIN, Kyla
(OneCity) ",,"319 VAUGHAN, Ashley
(NPA) ",,"320 REDDY, Jennifer
(OneCity) ",,"321 GOODINE, Nadine C
(NPA) ",,"322 SOMERS, Gavin
(OneCity) ",,"323 BROWN, Rory
(OneCity) ",,"324 LEVINE, Zelda
 ",,"325 KLJAJIC, Milan
(NPA) ",,"326 CARDWELL, Steve
(Vision Vancouver) ",,"327 POPPELL, Nick
(GREEN) ",,"328 ZHANG, Josh
(ABC Vancouver) ",,"329 WONG, Allan
(Vision Vancouver) ",,"330 ALAM, Matiul
(TEAM) ",,Total Votes
1 - Prince of Wales Secondary School,985,"3,415",4,489,,112,,,169,,115,,,167,,39,,125,,59,,29,,49,,78,,108,,96,,539,,499,,169,,529,,137,,134,,120,,140,,101,,104,,130,,43,,89,,120,,115,,519,,166,,125,,"5,414"
2 - Carnarvon Community Elementary School,968,"3,199",1,419,,82,,,219,,147,,,212,,43,,140,,55,,24,,39,,113,,87,,124,,416,,399,,236,,439,,184,,173,,96,,208,,98,,133,,183,,38,,73,,196,,156,,401,,186,,185,,"5,504"
3 - Gathering Place Community Centre,665,"2,302",2,255,,77,,,148,,116,,,130,,48,,96,,82,,42,,39,,106,,75,,82,,237,,240,,150,,257,,116,,128,,75,,130,,67,,120,,112,,42,,60,,112,,114,,240,,103,,66,,"3,665"
4 - Carnegie Community Centre,627,"2,375",1,105,,44,,,158,,109,,,240,,38,,109,,114,,42,,36,,224,,45,,94,,111,,93,,168,,104,,162,,159,,47,,169,,49,,148,,150,,37,,35,,111,,129,,91,,93,,45,,"3,259"
5 - Coal Harbour Community Centre,"1,345","5,053",0,519,,141,,,273,,185,,,209,,77,,160,,106,,55,,71,,172,,159,,162,,542,,536,,273,,545,,226,,207,,152,,238,,130,,160,,213,,88,,129,,222,,209,,535,,191,,167,,"7,052"
6 - Crosstown Elementary School,730,"2,437",1,261,,68,,,193,,126,,,170,,22,,110,,69,,34,,29,,131,,70,,111,,252,,260,,175,,262,,173,,164,,75,,191,,61,,153,,165,,25,,58,,132,,147,,244,,126,,67,,"4,124"
7 - Vancouver Public Library - Central Branch,"1,113","3,899",1,384,,101,,,276,,172,,,234,,41,,182,,113,,37,,32,,175,,111,,155,,402,,369,,252,,411,,289,,260,,97,,275,,85,,224,,245,,32,,92,,214,,190,,374,,183,,102,,"6,109"
8 - Roundhouse Community Arts and Recreation Centre,"2,167","7,848",6,926,,242,,,420,,318,,,294,,118,,282,,175,,68,,120,,235,,257,,235,,951,,943,,404,,"1,011",,377,,338,,246,,395,,243,,291,,326,,119,,225,,311,,328,,932,,292,,179,,"11,601"
9 - Musqueam Community Centre,258,"1,085",1,76,,20,,,53,,31,,,43,,9,,30,,21,,7,,11,,26,,16,,27,,78,,73,,70,,84,,53,,41,,28,,53,,25,,38,,48,,10,,22,,41,,35,,72,,33,,54,,"1,228"
10 - Lord Kitchener Elementary School,805,"2,658",0,354,,66,,,191,,113,,,151,,28,,104,,48,,22,,28,,93,,97,,90,,375,,345,,219,,397,,154,,138,,102,,146,,100,,94,,129,,26,,65,,132,,135,,346,,133,,166,,"4,587"
11 - Dunbar Community Centre,"1,605","5,926",3,679,,184,,,308,,195,,,263,,73,,196,,71,,43,,72,,153,,190,,169,,713,,674,,361,,710,,251,,266,,186,,285,,177,,178,,225,,76,,161,,244,,233,,688,,261,,207,,"8,492"
12 - False Creek Elementary School,926,"2,739",2,230,,56,,,316,,183,,,266,,50,,176,,102,,26,,54,,185,,61,,170,,202,,207,,303,,251,,316,,307,,91,,338,,76,,233,,297,,53,,43,,211,,218,,206,,184,,166,,"5,577"
13 - False Creek Community Centre,743,"2,251",0,185,,53,,,267,,155,,,214,,48,,148,,87,,27,,38,,180,,54,,133,,170,,158,,254,,182,,225,,215,,65,,233,,56,,178,,204,,41,,44,,174,,188,,158,,156,,146,,"4,436"
14 - Holy Trinity Anglican Church,"1,657","5,489",5,447,,114,,,490,,312,,,438,,59,,255,,208,,64,,59,,355,,124,,265,,434,,415,,477,,470,,462,,478,,147,,516,,104,,426,,456,,69,,92,,330,,372,,417,,282,,242,,"9,379"
15 - L'Ecole Bilingue Elementary School,"1,247","3,876",2,304,,88,,,376,,233,,,341,,71,,245,,157,,63,,71,,284,,96,,224,,291,,274,,357,,305,,415,,396,,103,,443,,85,,362,,379,,57,,75,,265,,312,,281,,211,,165,,"7,329"
16 - Seaforth Armoury,"1,557","5,491",2,430,,118,,,477,,271,,,350,,72,,262,,159,,62,,70,,305,,120,,224,,404,,394,,455,,406,,432,,380,,153,,420,,115,,313,,366,,80,,93,,311,,359,,385,,244,,274,,"8,504"
17 - Grandview Elementary School,877,"2,214",4,129,,41,,,315,,169,,,410,,39,,163,,214,,31,,29,,374,,41,,144,,123,,108,,269,,118,,394,,395,,44,,416,,43,,371,,380,,51,,25,,206,,224,,109,,196,,72,,"5,643"
18 - Templeton Secondary School,"1,991","5,187",8,418,,141,,,655,,352,,,722,,87,,391,,339,,69,,76,,614,,147,,324,,444,,402,,575,,466,,836,,818,,131,,906,,95,,745,,782,,76,,118,,429,,453,,401,,487,,161,,"12,660"
19 - Britannia Community Services Centre,"1,555","4,134",4,185,,52,,,587,,281,,,688,,57,,298,,352,,67,,55,,634,,72,,240,,198,,188,,507,,208,,739,,718,,64,,765,,54,,671,,685,,59,,51,,317,,427,,167,,300,,139,,"9,825"
20 - Queen Victoria Annex,"1,061","2,864",0,197,,65,,,358,,222,,,381,,50,,233,,166,,34,,43,,297,,67,,193,,211,,219,,308,,231,,457,,444,,55,,479,,56,,377,,409,,41,,47,,245,,264,,204,,236,,96,,"6,685"
21 - Thunderbird Elementary School,771,"2,424",1,325,,109,,,148,,107,,,209,,52,,124,,66,,41,,44,,114,,124,,91,,329,,290,,146,,348,,145,,129,,100,,159,,87,,130,,161,,38,,75,,107,,100,,317,,209,,82,,"4,506"
22 - Sir John Franklin Community School,862,"2,492",0,345,,87,,,212,,136,,,257,,49,,119,,78,,44,,48,,175,,128,,136,,355,,331,,209,,359,,197,,181,,101,,220,,96,,166,,191,,48,,96,,153,,156,,345,,178,,70,,"5,266"
23 - Chief Maquinna Elementary School,"1,598","5,030",3,646,,140,,,345,,212,,,444,,92,,306,,136,,60,,70,,246,,173,,200,,724,,639,,294,,742,,351,,338,,129,,384,,116,,292,,336,,69,,138,,234,,186,,711,,445,,127,,"9,325"
24 - Tillicum Community Annex,"1,431","4,095",7,323,,114,,,438,,261,,,542,,73,,265,,257,,60,,75,,415,,105,,259,,326,,286,,421,,329,,509,,485,,116,,554,,90,,455,,474,,87,,87,,306,,297,,291,,307,,114,,"8,721"
25 - Hastings Community Centre,"1,245","3,592",7,462,,132,,,290,,175,,,376,,79,,239,,147,,46,,72,,231,,145,,160,,503,,452,,266,,518,,304,,298,,129,,350,,118,,281,,307,,75,,111,,205,,180,,487,,299,,113,,"7,550"
26 - Lord Selkirk Elementary School,"1,141","3,087",7,347,,86,,,324,,214,,,340,,59,,277,,152,,61,,48,,235,,96,,178,,379,,347,,304,,376,,357,,372,,101,,397,,60,,322,,338,,62,,77,,243,,204,,350,,311,,102,,"7,119"
27 - Queen Alexandra Elementary School,855,"1,952",2,181,,62,,,272,,183,,,317,,53,,199,,164,,62,,41,,276,,58,,189,,184,,180,,254,,207,,367,,353,,59,,392,,62,,335,,329,,43,,48,,203,,208,,166,,200,,78,,"5,725"
28 - Trout Lake Community Centre,"1,680","4,514",5,439,,110,,,494,,325,,,552,,92,,353,,256,,83,,77,,430,,127,,304,,445,,408,,475,,460,,634,,600,,117,,683,,93,,565,,589,,67,,80,,366,,353,,424,,389,,171,,"10,561"
29 - Kensington Community Centre,"1,846","5,114",2,833,,209,,,416,,356,,,476,,153,,389,,167,,102,,103,,254,,283,,282,,888,,823,,382,,905,,309,,303,,217,,387,,174,,301,,317,,116,,208,,329,,266,,852,,501,,181,,"11,482"
30 - Sir Richard McBride Annex,"1,207","3,458",3,448,,112,,,280,,311,,,308,,102,,270,,125,,69,,57,,191,,133,,225,,464,,401,,329,,460,,262,,246,,121,,322,,98,,218,,254,,77,,95,,293,,216,,431,,325,,135,,"7,378"
31 - Charles Dickens Annex,"1,422","3,988",3,448,,105,,,363,,268,,,429,,106,,303,,164,,63,,79,,320,,109,,203,,473,,428,,372,,462,,459,,441,,122,,485,,102,,393,,419,,73,,98,,308,,276,,431,,364,,117,,"8,783"
32 - Dr. R. E. McKechnie Elementary School,814,"2,738",0,421,,73,,,131,,95,,,124,,33,,103,,50,,25,,36,,62,,103,,86,,491,,463,,155,,468,,103,,95,,94,,117,,71,,64,,88,,37,,75,,108,,84,,469,,161,,103,,"4,588"
33 - Kerrisdale Elementary School,915,"2,967",2,430,,91,,,182,,132,,,142,,34,,118,,49,,27,,38,,82,,108,,99,,477,,460,,200,,481,,168,,134,,110,,165,,100,,98,,136,,37,,97,,168,,121,,453,,150,,163,,"5,250"
34 - Kerrisdale Community Centre,"2,138","7,624",5,969,,218,,,383,,267,,,378,,109,,293,,148,,83,,116,,223,,236,,250,,"1,023",,980,,414,,"1,022",,292,,296,,220,,339,,200,,236,,294,,128,,171,,315,,285,,999,,354,,332,,"11,573"
35 - Captain James Cook Elementary School,972,"2,903",3,407,,113,,,207,,164,,,247,,81,,209,,83,,55,,65,,131,,138,,138,,431,,389,,223,,442,,158,,146,,130,,176,,121,,102,,153,,71,,104,,180,,141,,418,,270,,125,,"5,818"
36 - Champlain Heights Community Centre,"1,538","4,429",5,531,,147,,,394,,297,,,399,,134,,321,,147,,92,,108,,310,,150,,276,,503,,481,,436,,534,,367,,361,,181,,406,,145,,307,,365,,127,,107,,384,,294,,477,,409,,178,,"9,368"
37 - Killarney Community Centre,"1,779","5,925",3,804,,160,,,307,,254,,,415,,133,,358,,127,,78,,105,,179,,243,,217,,928,,855,,285,,964,,223,,209,,159,,258,,137,,171,,198,,106,,146,,242,,202,,905,,526,,165,,"10,059"
38 - Kitsilano Neighbourhood House,"1,185","3,959",1,293,,64,,,350,,241,,,335,,48,,225,,129,,40,,42,,275,,83,,203,,281,,272,,344,,285,,373,,348,,96,,399,,87,,324,,328,,46,,63,,243,,255,,261,,175,,189,,"6,697"
39 - Redemption Church,"1,189","3,915",1,293,,73,,,355,,241,,,287,,60,,218,,118,,57,,56,,222,,85,,216,,272,,287,,389,,309,,334,,333,,97,,366,,90,,266,,325,,57,,54,,293,,293,,259,,235,,237,,"6,777"
40 - Lord Tennyson Elementary School,"1,377","4,742",0,391,,103,,,355,,241,,,283,,76,,226,,124,,47,,81,,223,,122,,216,,413,,399,,360,,438,,384,,333,,142,,379,,122,,292,,331,,80,,94,,301,,252,,374,,235,,234,,"7,651"
41 - General Gordon Elementary School,"1,380","4,929",2,365,,91,,,413,,221,,,301,,49,,211,,136,,50,,51,,218,,95,,217,,359,,357,,421,,371,,403,,358,,112,,416,,101,,309,,357,,45,,71,,240,,323,,351,,200,,261,,"7,473"
42 - Kitsilano War Memorial Community Centre,"1,682","5,992",3,540,,144,,,427,,263,,,314,,68,,214,,138,,61,,80,,262,,151,,231,,525,,538,,449,,547,,410,,396,,164,,429,,164,,322,,374,,87,,118,,281,,339,,508,,257,,318,,"9,119"
43 - Westside Baptist Church,357,"1,124",0,116,,28,,,83,,60,,,101,,27,,80,,30,,14,,23,,65,,42,,55,,141,,126,,91,,136,,64,,60,,31,,70,,29,,65,,68,,27,,32,,77,,65,,132,,122,,29,,"2,089"
44 - Scottish Cultural Centre,"1,156","3,203",8,412,,130,,,312,,223,,,320,,116,,207,,162,,87,,123,,241,,124,,186,,386,,355,,357,,392,,251,,259,,136,,292,,124,,213,,259,,127,,111,,228,,251,,363,,240,,142,,"7,129"
45 - Marpole-Oakridge Community Centre,"1,564","5,434",2,688,,148,,,329,,206,,,345,,102,,268,,119,,49,,82,,137,,203,,151,,785,,716,,346,,815,,201,,169,,165,,220,,143,,143,,180,,93,,138,,187,,192,,771,,364,,169,,"8,624"
46 - Kivan Club (Boys and Girls Clubs of South Coast BC),729,"1,803",1,146,,35,,,253,,166,,,253,,36,,157,,139,,39,,28,,228,,45,,132,,123,,133,,229,,141,,330,,329,,46,,353,,35,,291,,290,,33,,31,,183,,170,,128,,172,,75,,"4,749"
47 - Simon Fraser Elementary School,"1,375","4,037",2,381,,80,,,385,,268,,,400,,57,,256,,182,,44,,54,,332,,85,,220,,376,,379,,419,,403,,470,,454,,114,,524,,79,,428,,439,,52,,69,,299,,304,,353,,288,,126,,"8,320"
48 - Mount Pleasant Neighbourhood House,971,"2,592",1,211,,57,,,303,,164,,,364,,47,,183,,197,,47,,40,,331,,63,,160,,191,,184,,309,,211,,405,,397,,77,,439,,56,,369,,370,,45,,52,,191,,240,,174,,178,,83,,"6,138"
49 - Vancouver City Hall,"1,194","3,835",5,302,,78,,,335,,231,,,312,,44,,219,,173,,77,,38,,259,,101,,201,,293,,298,,316,,326,,375,,363,,99,,402,,88,,317,,355,,46,,71,,253,,261,,277,,223,,133,,"6,866"
50 - Creekside Community Recreation Centre,"1,648","5,469",5,513,,110,,,409,,292,,,368,,83,,296,,196,,69,,71,,282,,152,,271,,524,,506,,382,,545,,461,,446,,138,,479,,117,,408,,444,,73,,108,,355,,304,,488,,262,,166,,"9,318"
51 - Mount Pleasant Community Centre,"2,156","6,166",7,398,,98,,,722,,419,,,789,,90,,385,,416,,84,,63,,663,,106,,373,,381,,379,,644,,419,,906,,870,,121,,943,,105,,837,,830,,77,,81,,447,,555,,355,,406,,213,,"13,175"
52 - Trinity Baptist Church,596,"2,193",1,308,,64,,,95,,50,,,104,,22,,71,,31,,11,,30,,37,,81,,41,,347,,337,,82,,356,,54,,42,,60,,49,,60,,48,,55,,28,,59,,57,,52,,352,,117,,62,,"3,162"
53 - Sir William Van Horne Elementary School,"1,030","3,267",2,500,,133,,,211,,119,,,225,,61,,170,,79,,37,,66,,124,,157,,102,,537,,486,,223,,537,,155,,130,,109,,169,,113,,119,,133,,68,,110,,140,,123,,504,,266,,79,,"5,985"
54 - Jewish Community Centre of Greater Vancouver,770,"2,464",1,389,,95,,,150,,94,,,144,,47,,116,,42,,35,,55,,74,,117,,70,,414,,371,,134,,433,,89,,99,,99,,109,,93,,71,,97,,55,,99,,97,,94,,418,,179,,78,,"4,457"
55 - John Norquay Elementary School,"1,596","4,609",4,667,,171,,,339,,291,,,473,,118,,379,,155,,95,,102,,248,,231,,235,,711,,635,,315,,709,,304,,285,,158,,369,,130,,250,,304,,103,,151,,281,,200,,693,,476,,141,,"9,719"
56 - Renfrew Park Community Centre,"1,400","4,282",2,561,,137,,,315,,216,,,402,,100,,303,,139,,56,,79,,205,,196,,172,,646,,559,,270,,648,,258,,239,,135,,303,,118,,216,,268,,88,,140,,200,,213,,620,,376,,122,,"8,300"
57 - Collingwood Neighbourhood House,"2,277","5,910",6,899,,320,,,482,,522,,,640,,254,,585,,280,,157,,159,,419,,336,,401,,913,,749,,525,,949,,450,,427,,284,,574,,254,,400,,478,,183,,224,,474,,355,,869,,701,,266,,"14,529"
58 - Windermere Community Secondary School,692,"2,226",5,279,,93,,,125,,97,,,192,,51,,148,,40,,38,,47,,90,,89,,75,,318,,283,,115,,324,,110,,101,,84,,119,,58,,83,,109,,52,,71,,113,,80,,309,,199,,65,,"3,957"
59 - Renfrew Community Elementary School,700,"2,155",2,310,,87,,,137,,91,,,196,,60,,136,,48,,47,,56,,89,,96,,88,,359,,303,,119,,350,,82,,92,,89,,124,,61,,81,,93,,49,,85,,112,,68,,344,,214,,61,,"4,127"
60 - Sir Charles Tupper Secondary School,"1,447","4,104",0,505,,112,,,413,,299,,,402,,91,,291,,163,,62,,61,,271,,154,,233,,497,,485,,386,,513,,413,,406,,131,,467,,119,,363,,379,,58,,107,,299,,286,,468,,342,,143,,"8,919"
61 - General Brock Elementary School,"1,024","2,958",0,323,,100,,,315,,217,,,272,,58,,215,,118,,38,,53,,198,,87,,191,,330,,325,,329,,345,,280,,262,,102,,316,,107,,217,,252,,44,,74,,239,,215,,307,,221,,108,,"6,258"
62 - Hillcrest Centre,"1,216","3,651",0,433,,84,,,326,,224,,,321,,66,,235,,115,,37,,61,,197,,121,,181,,462,,441,,292,,464,,344,,338,,112,,364,,90,,268,,308,,66,,78,,239,,215,,419,,276,,116,,"7,293"
63 - Shaughnessy Elementary School,669,"2,284",1,405,,86,,,96,,71,,,66,,24,,73,,19,,19,,28,,30,,98,,64,,405,,401,,104,,390,,77,,74,,98,,78,,90,,61,,62,,35,,63,,80,,55,,391,,90,,95,,"3,728"
64 - Douglas Park Community Centre,"1,692","5,217",0,534,,126,,,458,,335,,,351,,90,,339,,194,,68,,88,,266,,150,,292,,567,,560,,467,,581,,502,,481,,159,,530,,129,,408,,442,,88,,124,,315,,350,,522,,311,,184,,"10,011"
65 - RayCam Co-operative Centre,506,"1,515",2,106,,40,,,165,,80,,,167,,21,,86,,92,,18,,17,,139,,48,,62,,115,,100,,162,,119,,187,,188,,37,,194,,23,,179,,167,,16,,42,,86,,127,,109,,88,,41,,"3,021"
66 - Strathcona Community Centre,891,"2,413",4,178,,52,,,303,,162,,,351,,30,,211,,148,,46,,36,,254,,69,,156,,210,,199,,260,,226,,357,,333,,48,,345,,37,,298,,302,,41,,52,,165,,225,,193,,229,,54,,"5,570"
67 - Moberly Arts and Cultural Centre,"1,084","2,651",3,562,,130,,,205,,221,,,231,,120,,193,,110,,103,,95,,134,,250,,156,,563,,607,,253,,558,,162,,166,,148,,217,,119,,147,,191,,89,,93,,195,,128,,540,,253,,139,,"7,078"
68 - John Oliver Secondary School,"1,280","3,356",3,502,,157,,,303,,287,,,312,,126,,263,,140,,83,,94,,184,,191,,242,,494,,474,,368,,519,,277,,284,,180,,323,,138,,227,,283,,107,,122,,280,,229,,468,,324,,156,,"8,137"
69 - Sunset Community Centre,"2,175","6,176",8,"1,056",,260,,,394,,411,,,460,,182,,438,,211,,129,,152,,262,,471,,301,,"1,018",,"1,131",,463,,"1,046",,303,,301,,292,,400,,239,,290,,326,,149,,213,,371,,274,,"1,009",,485,,290,,"13,327"
70 - David Oppenheimer Elementary School,"1,230","4,002",3,569,,102,,,245,,174,,,266,,68,,233,,72,,46,,69,,121,,178,,149,,643,,632,,238,,647,,165,,146,,122,,211,,100,,118,,174,,67,,95,,183,,152,,624,,302,,130,,"7,041"
71 - Waverley Elementary School,"1,328","4,196",4,663,,169,,,233,,210,,,320,,102,,262,,88,,65,,93,,107,,213,,148,,720,,633,,225,,735,,140,,127,,160,,199,,131,,108,,148,,85,,133,,201,,126,,680,,370,,126,,"7,720"
72 - David Thompson Secondary School,"1,767","5,580",4,885,,222,,,325,,262,,,410,,129,,338,,113,,102,,110,,186,,302,,183,,923,,900,,297,,962,,185,,174,,205,,251,,180,,177,,205,,96,,170,,220,,186,,923,,487,,179,,"10,287"
73 - Lord Roberts Elementary School,917,"3,058",1,203,,54,,,289,,172,,,262,,42,,161,,120,,46,,46,,243,,53,,168,,196,,182,,297,,201,,293,,265,,65,,320,,55,,261,,264,,56,,57,,181,,235,,165,,157,,77,,"5,186"
74 - Gordon Neighbourhood House,"1,024","3,305",1,235,,79,,,328,,195,,,292,,54,,187,,129,,49,,44,,262,,74,,174,,237,,239,,307,,259,,305,,298,,90,,317,,77,,309,,291,,40,,57,,202,,288,,223,,154,,107,,"5,902"
75 - Lord Roberts Annex,"1,308","4,106",1,365,,126,,,407,,236,,,367,,84,,218,,182,,71,,84,,329,,120,,220,,350,,339,,381,,352,,388,,357,,125,,377,,96,,337,,348,,70,,90,,243,,328,,346,,198,,123,,"7,657"
76 - Vancouver Aquatic Centre,"1,318","4,756",3,398,,88,,,336,,198,,,280,,76,,192,,148,,59,,68,,234,,123,,180,,412,,409,,334,,440,,313,,308,,112,,319,,102,,282,,291,,68,,99,,224,,263,,380,,189,,154,,"7,079"
77 - King George Secondary School,"1,791","6,275",4,467,,146,,,530,,284,,,467,,114,,247,,228,,80,,110,,420,,152,,269,,438,,415,,542,,469,,439,,443,,154,,495,,136,,409,,446,,110,,122,,336,,464,,410,,261,,205,,"9,808"
78 - West Point Grey Community Centre,464,"1,483",1,184,,27,,,122,,72,,,73,,27,,71,,18,,18,,29,,61,,41,,64,,179,,184,,136,,188,,98,,99,,51,,116,,41,,80,,86,,27,,34,,92,,100,,176,,96,,94,,"2,684"
79 - Lord Byng Secondary School,"1,163","3,713",5,455,,116,,,238,,204,,,232,,73,,172,,94,,44,,66,,134,,141,,167,,472,,432,,276,,473,,269,,238,,133,,298,,130,,167,,239,,65,,84,,234,,198,,444,,220,,201,,"6,709"
80 - St Helen's Anglican Church,955,"3,560",0,348,,65,,,244,,126,,,176,,40,,147,,77,,31,,45,,124,,75,,102,,334,,312,,258,,339,,216,,182,,78,,200,,76,,138,,179,,43,,62,,159,,188,,336,,161,,174,,"5,035"
200 - Carnegie Community Centre,975,"3,228",9,223,,85,,,247,,186,,,404,,69,,167,,165,,62,,64,,330,,90,,138,,213,,201,,247,,226,,220,,216,,106,,266,,99,,183,,222,,74,,84,,158,,208,,211,,217,,85,,"5,466"
201 - Roundhouse Community Arts and Recreation Centre,"4,459","14,479",12,"2,109",,516,,,846,,666,,,681,,250,,592,,300,,163,,245,,444,,570,,514,,"2,235",,"2,198",,801,,"2,261",,790,,750,,528,,899,,493,,673,,755,,229,,457,,707,,641,,"2,152",,671,,408,,"25,544"
202 - Dunbar Community Centre,"4,166","14,183",5,"2,208",,457,,,676,,474,,,524,,164,,476,,172,,126,,177,,292,,458,,386,,"2,351",,"2,306",,783,,"2,399",,566,,524,,537,,592,,499,,360,,504,,173,,381,,580,,494,,"2,321",,580,,726,,"23,266"
203 - Britannia Community Services Centre,"2,096","4,949",2,326,,119,,,748,,366,,,910,,90,,379,,487,,82,,84,,789,,107,,343,,348,,336,,737,,374,,995,,971,,131,,"1,057",,105,,941,,924,,90,,107,,415,,546,,321,,464,,205,,"13,897"
204 - Hastings Community Centre,"2,384","6,152",4,855,,242,,,611,,388,,,747,,146,,486,,300,,113,,128,,528,,254,,344,,934,,857,,572,,967,,702,,686,,229,,786,,216,,609,,677,,125,,200,,445,,403,,901,,608,,209,,"15,268"
205 - Kensington Community Centre,"2,052","5,647",7,956,,224,,,407,,362,,,559,,164,,414,,182,,103,,129,,294,,284,,265,,"1,047",,961,,406,,"1,059",,343,,342,,225,,441,,202,,297,,355,,125,,206,,362,,284,,"1,001",,575,,184,,"12,758"
206 - Trout Lake Community Centre,"3,247","8,465",5,"1,027",,268,,,920,,582,,,"1,032",,161,,688,,449,,157,,145,,748,,294,,530,,"1,039",,965,,870,,"1,101",,"1,100",,"1,072",,290,,"1,196",,244,,984,,"1,060",,153,,221,,655,,646,,992,,790,,334,,"20,713"
207 - Kerrisdale Community Centre,"5,455","19,189",15,"3,093",,610,,,774,,527,,,688,,220,,593,,200,,162,,207,,331,,612,,376,,"3,455",,"3,251",,861,,"3,369",,548,,483,,635,,575,,579,,339,,508,,221,,501,,648,,540,,"3,327",,803,,735,,"29,771"
208 - Champlain Heights Community Centre,"1,829","4,891",4,765,,203,,,405,,327,,,456,,138,,395,,173,,88,,126,,287,,264,,275,,795,,748,,455,,822,,376,,359,,246,,441,,248,,286,,374,,128,,185,,401,,312,,765,,473,,218,,"11,534"
209 - Killarney Community Centre,"4,027","11,898",2,"2,065",,452,,,724,,622,,,"1,034",,296,,873,,276,,210,,205,,412,,590,,443,,"2,331",,"2,074",,632,,"2,336",,463,,438,,477,,636,,381,,381,,518,,215,,416,,607,,399,,"2,242",,"1,262",,317,,"24,327"
210 - Kitsilano War Memorial Community Centre,"5,235","17,790",12,"2,013",,455,,,"1,252",,829,,,938,,227,,720,,358,,171,,214,,658,,521,,708,,"2,087",,"2,064",,"1,294",,"2,134",,"1,126",,"1,023",,521,,"1,176",,481,,775,,968,,242,,386,,950,,925,,"1,961",,805,,"1,235",,"29,217"
211 - Creekside Community Recreation Centre,"2,696","8,633",3,"1,047",,230,,,668,,451,,,530,,96,,409,,219,,79,,99,,374,,268,,351,,"1,076",,"1,039",,615,,"1,122",,760,,683,,269,,751,,214,,565,,639,,90,,204,,516,,465,,"1,018",,445,,312,,"15,604"
212 - Mount Pleasant Community Centre,"2,921","7,362",6,708,,180,,,971,,570,,,"1,043",,127,,604,,548,,144,,89,,862,,178,,529,,699,,651,,927,,742,,"1,192",,"1,131",,197,,"1,264",,156,,"1,087",,"1,107",,99,,144,,644,,701,,652,,641,,286,,"18,873"
213 - Vancouver City Hall,"2,746","8,140",7,867,,205,,,744,,557,,,697,,131,,500,,318,,121,,115,,480,,219,,444,,898,,828,,686,,951,,860,,817,,223,,885,,204,,717,,830,,125,,166,,578,,553,,837,,571,,384,,"16,511"
214 - Renfrew Park Community Centre,"2,450","6,962",7,"1,127",,254,,,499,,379,,,714,,182,,529,,207,,129,,123,,291,,322,,288,,"1,300",,"1,152",,425,,"1,314",,407,,377,,260,,505,,211,,343,,419,,143,,232,,364,,293,,"1,258",,748,,230,,"15,025"
215 - Hillcrest Centre,"2,460","7,173",3,978,,221,,,597,,406,,,630,,132,,406,,269,,88,,112,,390,,252,,351,,"1,083",,"1,018",,584,,"1,105",,595,,577,,261,,653,,207,,462,,567,,100,,171,,454,,401,,"1,026",,574,,270,,"14,940"
216 - Douglas Park Community Centre,"2,475","7,502",5,"1,006",,221,,,557,,416,,,530,,115,,399,,184,,68,,101,,382,,263,,379,,"1,045",,"1,012",,566,,"1,065",,645,,624,,262,,677,,234,,485,,589,,109,,191,,501,,351,,967,,479,,305,,"14,728"
217 - RayCam Co-operative Centre,679,"1,997",1,190,,55,,,162,,93,,,197,,36,,106,,94,,35,,41,,161,,51,,69,,269,,257,,160,,271,,219,,213,,47,,227,,42,,192,,195,,40,,47,,84,,123,,258,,121,,50,,"4,105"
218 - Marpole-Oakridge Community Centre,"2,559","8,122",1,"1,373",,280,,,435,,265,,,496,,121,,436,,157,,95,,127,,223,,345,,251,,"1,576",,"1,442",,472,,"1,547",,300,,251,,298,,320,,271,,210,,270,,148,,260,,324,,271,,"1,508",,568,,260,,"14,900"
219 - Sunset Community Centre,"3,803","10,758",11,"1,950",,457,,,680,,611,,,811,,325,,719,,317,,243,,249,,449,,680,,481,,"2,023",,"1,990",,804,,"2,055",,486,,485,,497,,695,,407,,427,,558,,271,,361,,575,,488,,"1,921",,855,,500,,"23,370"
220 - West End Community Centre,"4,319","14,138",9,"1,372",,413,,,"1,200",,692,,,"1,089",,271,,647,,506,,215,,246,,906,,381,,597,,"1,408",,"1,330",,"1,207",,"1,445",,"1,039",,993,,412,,"1,077",,384,,891,,998,,245,,341,,824,,"1,011",,"1,301",,689,,522,,"24,652"
221 - West Point Grey Community Centre,"2,094","7,524",5,945,,180,,,441,,269,,,292,,68,,244,,110,,61,,74,,196,,199,,217,,964,,960,,510,,984,,356,,312,,207,,360,,197,,238,,290,,81,,156,,305,,361,,948,,268,,484,,"11,277"
300 - SVO Results,"1,330","7,003",9,294,,129,,,217,,179,,,191,,86,,152,,92,,71,,67,,136,,122,,140,,282,,250,,258,,299,,105,,120,,137,,143,,110,,106,,141,,76,,111,,154,,170,,255,,177,,116,,"4,886"
307 - Mail Results,"6,727","17,476",35,"2,577",,565,,,"1,676",,"1,148",,,"1,774",,246,,"1,281",,789,,210,,241,,"1,209",,666,,987,,"2,739",,"2,626",,"1,634",,"2,875",,"2,044",,"1,981",,680,,"2,159",,647,,"1,672",,"1,887",,231,,489,,"1,447",,"1,141",,"2,616",,"1,573",,942,,"42,752"
400 - UBC - AMS Student Nest,243,414,0,44,,20,,,100,,52,,,101,,14,,55,,57,,20,,13,,80,,26,,58,,41,,40,,92,,46,,119,,113,,15,,116,,19,,94,,102,,13,,21,,78,,75,,42,,68,,39,,"1,773"
401 - University Hill Secondary School,698,"1,458",1,241,,79,,,204,,189,,,207,,57,,161,,116,,48,,71,,127,,105,,165,,212,,190,,220,,225,,251,,203,,75,,233,,69,,165,,221,,71,,71,,206,,129,,237,,176,,91,,"4,815"
 Total,"171,494","528,972",394,"64,048",,"15,733",,,"41,356",,"28,324",,,"42,379",,"9,668",,"30,007",,"17,710",,"7,416",,"8,570",,"29,167",,"18,448",,"23,902",,"67,326",,"63,807",,"41,179",,"69,027",,"40,792",,"38,890",,"17,206",,"44,534",,"15,051",,"33,933",,"38,381",,"8,875",,"13,522",,"31,045",,"29,729",,"64,370",,"35,761",,"20,772",,"1,010,928"
,,,,,,,,,,,,,,,,,,,,,,,,,,,,,,,,,,,,,,,,,,,,,,,,,,,,,,,,,,,,,,,,,,,,
,,,,,,,,,,,,,,,,,,,,,,,,,,,,,,,,,,,,,,,,,,,,,,,,,,,,,,,,,,,,,,,,,,,,
